Question,Expected Answer/Ground Truth,RAG Answer,RAG Accuracy,KG Answer,KG Acccuracy,RAG(csv),KG Acccuracy(csv),In Range,ROUGE-L F1,BLEU,NER_MODEL_ANSWER
What is the mean age in the normal hepatic function group 'Normal_hepatic_function'?,['52.0 Years (Mean)'],The mean age in the normal hepatic function group is 52 years.,TRUE,"The mean age of participants in the ""Normal Hepatic Function"" group is 52 years, with a range from 34 to 67 years. This information is derived from the baseline characteristics of the trial population, which included participants with normal hepatic function as well as those with varying degrees of hepatic impairment. The study aimed to assess the pharmacokinetics and tolerability of semaglutide, a GLP-1 receptor agonist, in individuals with different levels of liver function.

It is important to note that the study was conducted with a relatively small sample size, with 19 participants in the normal hepatic function group. This could limit the generalizability of the findings. Additionally, the study was designed as a single-dose trial, which may not fully capture the long-term pharmacokinetic and safety profile of semaglutide in this population. Nonetheless, the study provides valuable insights into the potential need for dose adjustments in patients with hepatic impairment, suggesting that no adjustment may be necessary based on the observed pharmacokinetic properties.",TRUE,,True,True,1.0,1.0,"The mean age in the normal hepatic function group 'Normal_hepatic_function' cannot be determined from the given graph data. The graph data provided does not contain any information related to age or hepatic function in order to calculate the mean age for this specific group. The graph data primarily consists of relationships between different medications, dosages, study types, and frequency of administration. Additional data related to age demographics within the 'Normal_hepatic_function' group would be needed to calculate the mean age accurately."
What is the n sex_male in the normal hepatic function group 'Normal_hepatic_function'?,['9.0 nan (n)'],"In the normal hepatic function group, the number of males is 9.",TRUE,"The question pertains to the number of male participants in the ""Normal hepatic function"" group within a clinical study investigating the pharmacokinetics and tolerability of semaglutide in individuals with varying degrees of hepatic impairment.

Based on the provided data, the ""Normal hepatic function"" group consisted of 19 participants. The breakdown of sex within this group is as follows:

- Women: 10
- Men: 9

Therefore, the number of male participants (n sex_male) in the ""Normal hepatic function"" group is 9.

This information is crucial for understanding the demographic distribution of the study population, which can influence the interpretation of pharmacokinetic and safety data. It is important to note that the study aimed to assess whether hepatic impairment affects the pharmacokinetics of semaglutide, a GLP-1 receptor agonist used in the treatment of type 2 diabetes. The study concluded that semaglutide exposure was not significantly affected by hepatic impairment, suggesting that dose adjustments may not be necessary for patients with hepatic impairment. However, the study's limitations, such as the small sample size and the exclusion of individuals with severe hepatic encephalopathy, should be considered when interpreting these findings.",TRUE,,True,True,1.0,1.0,"The n sex_male in the normal hepatic function group 'Normal_hepatic_function' is not explicitly mentioned in the provided graph data. The graph data primarily consists of relationships between different medications, dosages, study types, and frequency of administration. It does not provide direct information about the number of male individuals in the normal hepatic function group.

To determine the n sex_male in the normal hepatic function group, additional data or context would be needed, such as the total number of individuals in the group, the gender distribution within the group, or specific information related to the male participants. Without this additional information, it is not possible to accurately determine the specific number of male individuals in the normal hepatic function group based solely on the provided graph data."
What is the n sex_female in the normal hepatic function group 'Normal_hepatic_function'?,['10.0 nan (n)'],10,TRUE,"In the study titled ""Pharmacokinetics and tolerability of semaglutide in people with hepatic impairment,"" the group with normal hepatic function, referred to as 'Normal hepatic function,' included 19 participants. Among these participants, 10 were female. This information is derived from the baseline characteristics table, which details the sex distribution across different hepatic function groups. 

The study aimed to assess the pharmacokinetics and tolerability of semaglutide, a GLP-1 receptor agonist, in individuals with varying degrees of hepatic impairment. The normal hepatic function group served as a control to compare against groups with mild, moderate, and severe hepatic impairment. The study found that semaglutide exposure was similar across all groups, suggesting that hepatic impairment does not significantly affect the pharmacokinetics of semaglutide, and therefore, dose adjustment may not be necessary for patients with hepatic impairment.

It is important to note that the study had some limitations, including a single-dose administration and a smaller number of participants in the severely impaired group due to recruitment challenges. Additionally, the exclusion of participants with severe hepatic encephalopathy and advanced ascites could limit the generalizability of the findings to all patients with hepatic impairment. Despite these limitations, the study provides valuable insights into the use of semaglutide in this population.",TRUE,,True,True,1.0,1.0,"The n sex_female in the normal hepatic function group 'Normal_hepatic_function' is not explicitly mentioned in the provided graph data. The graph data primarily consists of relationships between different medications, dosages, and frequency of administration, as well as terms related to glycemic control and insulin therapy. It does not directly provide information on the number of female individuals in a specific group.

To determine the n sex_female in the normal hepatic function group 'Normal_hepatic_function', additional data or context would be needed. This could include specific information on the demographics of the study population, the criteria for inclusion in the group, or any other relevant details that would allow for the calculation or estimation of the number of female individuals in the group."
What is the mean body weight in the normal hepatic function group 'Normal_hepatic_function'?,['80.5 kg (Mean)'],80.5 kg,TRUE,"The mean body weight for the group with normal hepatic function, referred to as 'Normal hepatic function,' is reported as 80.5 kg, with a range from 52.4 to 111.4 kg. This data is part of a study examining the pharmacokinetics and tolerability of semaglutide in individuals with varying degrees of hepatic impairment, including those with normal hepatic function.

In clinical research, body weight is an important parameter as it can influence the pharmacokinetics of a drug, affecting its distribution, metabolism, and excretion. The range provided indicates variability among participants, which is common in clinical trials to ensure a representative sample of the population.

It is important to note that while the mean provides a central value, the range highlights the diversity in body weight among participants, which can be relevant for understanding the study's applicability to different patient populations. Additionally, the study's design and participant selection criteria, such as age and BMI, can also impact these values.",TRUE,,True,True,1.0,1.0,"The mean body weight in the normal hepatic function group 'Normal_hepatic_function' cannot be determined from the provided graph data. The graph data primarily consists of relationships between different medications, dosages, study types, and frequency of administration, but it does not contain any direct information about body weight measurements in the 'Normal_hepatic_function' group. To calculate the mean body weight in this group, specific body weight data for individuals in the 'Normal_hepatic_function' group would be needed."
What is the mean bmi in the normal hepatic function group 'Normal_hepatic_function'?,['27.8 kg/m² (Mean)'],The mean BMI in the normal hepatic function group is 27.8 kg/m².,TRUE,"The mean Body Mass Index (BMI) for the group with normal hepatic function, referred to as 'Normal hepatic function,' is reported as 27.8 kg/m¬≤, with a range from 21.1 to 39.6 kg/m¬≤. This value is derived from the baseline characteristics of the trial population involved in the study on the pharmacokinetics and tolerability of semaglutide in individuals with varying degrees of hepatic impairment.

BMI is a measure of body fat based on height and weight that applies to adult men and women. It is calculated by dividing a person's weight in kilograms by the square of their height in meters. A BMI of 18.5 to 24.9 is considered normal, 25 to 29.9 is overweight, and 30 and above is classified as obese.

In this study, the mean BMI of 27.8 kg/m¬≤ for the normal hepatic function group suggests that, on average, participants were in the overweight category. This information is relevant for understanding the baseline characteristics of the study population, which can influence the pharmacokinetics of medications like semaglutide.

It is important to note that while the mean BMI provides a general overview, individual variations within the group can be significant, as indicated by the range provided. Additionally, the study's focus on hepatic function means that BMI is just one of several factors considered in the analysis of semaglutide's pharmacokinetics and tolerability.",TRUE,,True,True,1.0,1.0,"The mean BMI in the normal hepatic function group 'Normal_hepatic_function' cannot be determined from the provided graph data. The graph data primarily consists of relationships between different medications, dosages, frequencies, and other factors related to diabetes management and glycemic control. The BMI (Body Mass Index) is a measure of body fat based on height and weight, and it is not directly related to the information provided in the graph data. To calculate the mean BMI in the 'Normal_hepatic_function' group, specific BMI data for individuals in that group would be needed."
What is the n type 2 diabetes status in the normal hepatic function group 'Normal_hepatic_function'?,['0.0 nan (n)'],0,TRUE,"In the study titled ""Pharmacokinetics and tolerability of semaglutide in people with hepatic impairment,"" the status of type 2 diabetes in the group with normal hepatic function, labeled as 'Normal_hepatic_function,' is reported as having zero(0) participants with type 2 diabetes. This indicates that none of the participants in the normal hepatic function group had a diagnosis of type 2 diabetes.

This information is relevant in the context of the study as it helps to isolate the effects of hepatic function on the pharmacokinetics and tolerability of semaglutide without the confounding influence of type 2 diabetes. The study aimed to assess whether hepatic impairment affects the pharmacokinetics of semaglutide, a GLP-1 receptor agonist used in the treatment of type 2 diabetes. By ensuring that the normal hepatic function group did not include individuals with type 2 diabetes, the researchers could more accurately compare the pharmacokinetic profiles across different levels of hepatic function.

The study found that semaglutide exposure, as measured by the area under the curve (AUC0-‚àû), was similar across all hepatic function groups, suggesting that hepatic impairment does not significantly alter the pharmacokinetics of semaglutide. This finding implies that dose adjustments may not be necessary for patients with hepatic impairment. However, it is important to note that the study was conducted with a single dose of semaglutide, and the sample size was relatively small, particularly in the severe hepatic impairment group, which may limit the generalizability of the results.",TRUE,,True,True,1.0,1.0,"In the normal hepatic function group 'Normal_hepatic_function', the n type 2 diabetes status is not directly related to any specific medication or treatment according to the given graph data. However, there are some indirect relationships that can be inferred.

- Insulin lispro is involved in a sponsored study, which may suggest that it is being tested or used in the treatment of type 2 diabetes in individuals with normal hepatic function.
- Insulin lispro is compared with 4 IU, which is taken prior to the 3 largest meals of the day. This suggests that insulin lispro may be a treatment option for individuals with normal hepatic function who have type 2 diabetes.
- The similarity between taking insulin lispro twice weekly and supervising it weekly may indicate a consistent treatment regimen for glycemic control in individuals with normal hepatic function.
- Glycemic control predisposes to once-weekly treatment, which occurred during a trial involving tirzepatide. This may suggest that tirzepatide is being tested for its efficacy in individuals with normal hepatic function for managing type 2 diabetes.
- Tirzepatide has a conversion equation to thrice-daily dosing, which may indicate a specific treatment schedule for individuals with normal hepatic function and type 2 diabetes.

Overall, the graph data suggests that individuals with normal hepatic function and type 2 diabetes may be receiving treatment involving insulin lispro, glycemic control measures, and potentially tirzepatide in a specific dosing regimen."
What is the n sex_female in the mild hepatic impairment group 'Mild_hepatic_impairment'?,['3.0 nan (n)'],The n sex_female in the mild hepatic impairment group is 3.,TRUE,"In the study titled ""Pharmacokinetics and tolerability of semaglutide in people with hepatic impairment,"" the number of female participants (n sex_female) in the mild hepatic impairment group is reported as 3. This information is derived from the baseline characteristics table, which details the distribution of participants by sex across different hepatic function groups. 

The study aimed to assess the pharmacokinetics and tolerability of semaglutide, a GLP-1 receptor agonist, in individuals with varying degrees of hepatic impairment. The mild hepatic impairment group consisted of 8 participants in total, with 3 being female and 5 male. This distribution is important for understanding the demographic characteristics of the study population and ensuring that the findings are applicable to both sexes.

It is worth noting that the study was conducted with a relatively small sample size, which is a common limitation in clinical trials involving special populations such as those with hepatic impairment. This limitation should be considered when interpreting the results and their generalizability to broader populations.",TRUE,,True,True,1.0,1.0,"The n sex_female in the mild hepatic impairment group 'Mild_hepatic_impairment' is not directly mentioned in the given graph data. The graph data primarily consists of relationships between different medications, dosages, frequencies, and study parameters related to diabetes management. Therefore, without additional information or context, it is not possible to determine the specific number of female participants with mild hepatic impairment in the given data."
What is the mean age in the mild hepatic impairment group 'Mild_hepatic_impairment'?,['52.0 Years (Mean)'],52 (34-64),TRUE,"The mean age of participants in the mild hepatic impairment group in the study on the pharmacokinetics and tolerability of semaglutide is 52 years, with a range from 34 to 64 years. This information is derived from the baseline characteristics of the trial population, which compared different groups based on the degree of hepatic impairment. 

In clinical research, understanding the demographic characteristics, such as age, of study participants is crucial as it can influence the pharmacokinetics and pharmacodynamics of a drug. Age can affect liver function, drug metabolism, and the overall pharmacological response, which is particularly relevant in studies involving hepatic impairment. 

It is important to note that the study was conducted with a relatively small sample size, with only 8 participants in the mild hepatic impairment group. This limitation should be considered when interpreting the results, as it may affect the generalizability of the findings. Additionally, the study was designed to assess the pharmacokinetics of a single dose of semaglutide, which may not fully represent the effects of long-term treatment.",TRUE,,True,True,1.0,1.0,"To find the mean age in the mild hepatic impairment group 'Mild_hepatic_impairment', we need additional data that directly relates to the age of individuals in this group. Unfortunately, the provided graph data does not contain any information about the age of individuals in the Mild_hepatic_impairment group. Therefore, without this specific data, we cannot calculate the mean age for this group."
What is the n sex_male in the mild hepatic impairment group 'Mild_hepatic_impairment'?,['5.0 nan (n)'],The number of men (sex_male) in the mild hepatic impairment group is 5.,TRUE,"In the study titled ""Pharmacokinetics and tolerability of semaglutide in people with hepatic impairment,"" the number of male participants in the mild hepatic impairment group is specified. According to the data provided, there were 5 male participants in the mild hepatic impairment group. 

This information is part of the baseline characteristics of the trial population, which also includes details such as age, body weight, and other demographic factors. The study aimed to assess the pharmacokinetics and tolerability of semaglutide, a GLP-1 receptor agonist, in individuals with varying degrees of hepatic impairment. The study's findings suggested that semaglutide exposure was not significantly affected by hepatic impairment, indicating that dose adjustments might not be necessary for patients with hepatic impairment. However, it is important to note that the study had limitations, including a small sample size and the exclusion of participants with severe hepatic encephalopathy or advanced ascites, which could affect the generalizability of the results.",TRUE,,True,True,1.0,1.0,"The n sex_male in the mild hepatic impairment group 'Mild_hepatic_impairment' is not explicitly mentioned in the given graph data. The graph data primarily consists of relationships between different medications, dosages, frequencies, and study parameters. Therefore, without additional information or context specific to the mild hepatic impairment group and the variable 'n sex_male', it is not possible to determine the exact value or significance of this variable within that group based on the provided graph data."
What is the mean body weight in the mild hepatic impairment group 'Mild_hepatic_impairment'?,['80.6 kg (Mean)'],The mean body weight in the mild hepatic impairment group is 80.6 kg.,TRUE,"The mean body weight for the group with mild hepatic impairment in the study on the pharmacokinetics and tolerability of semaglutide is reported as 80.6 kg, with a range from 51.9 kg to 101.0 kg. This data is part of the baseline characteristics of the trial population, which also includes other parameters such as age, sex, and body mass index (BMI).

In clinical research, understanding the baseline characteristics of study participants is crucial as it helps in interpreting the study results and ensuring that the groups are comparable. The body weight data, along with other demographic and clinical characteristics, provides context for evaluating the pharmacokinetics and safety of semaglutide in individuals with varying degrees of hepatic impairment.

It is important to note that the study was conducted with a relatively small sample size, particularly in the mild hepatic impairment group, which consisted of only 8 participants. This limitation should be considered when generalizing the findings to a broader population. Additionally, the study was designed to assess the pharmacokinetics of a single dose of semaglutide, which may not fully represent the effects of long-term treatment.",TRUE,,True,True,1.0,1.0,"To find the mean body weight in the mild hepatic impairment group 'Mild_hepatic_impairment', we need more specific data related to body weight within the graph. Unfortunately, the provided graph data does not contain any direct information about body weight in the mild hepatic impairment group. Therefore, without additional information, it is not possible to calculate the mean body weight in the 'Mild_hepatic_impairment' group based on the given graph data."
What is the mean bmi in the mild hepatic impairment group 'Mild_hepatic_impairment'?,['28.0 kg/m² (Mean)'],The mean BMI in the mild hepatic impairment group is 28.0 kg/m².,TRUE,"The mean Body Mass Index (BMI) for the group with mild hepatic impairment in the study on the pharmacokinetics and tolerability of semaglutide is reported as 28.0 kg/m¬≤, with a range from 22.5 to 37.8 kg/m¬≤. This value is part of the baseline characteristics of the trial population, which included participants with varying degrees of hepatic impairment. 

BMI, or Body Mass Index, is a measure calculated using a person's weight and height to assess whether they are underweight, normal weight, overweight, or obese. It is an important parameter in clinical studies as it can influence drug pharmacokinetics and pharmacodynamics.

In this study, the participants were divided into groups based on the severity of hepatic impairment, classified using the Child-Pugh score, which is a system used to assess the prognosis of chronic liver disease, primarily cirrhosis. The mild hepatic impairment group had a Child-Pugh score of 5-6 points.

It is important to note that while the BMI provides useful information about the general health and potential metabolic status of the participants, it is just one of many factors considered in pharmacokinetic studies. The study aimed to determine if hepatic impairment affected the pharmacokinetics of semaglutide, a GLP-1 receptor agonist used in the treatment of type 2 diabetes. The results indicated that semaglutide exposure was not significantly affected by hepatic impairment, suggesting that dose adjustments may not be necessary for patients with mild hepatic impairment. However, the study's limitations, such as the small sample size and single-dose administration, should be considered when interpreting these findings.",TRUE,,True,True,1.0,1.0,"To find the mean BMI in the mild hepatic impairment group 'Mild_hepatic_impairment', we need to look for direct connections or relationships between the Mild_hepatic_impairment group and BMI in the given graph data. However, based on the provided graph data, there is no direct link or information regarding the mean BMI in the Mild_hepatic_impairment group.

Therefore, without additional information or direct connections in the graph data, it is not possible to determine the mean BMI in the Mild_hepatic_impairment group. Additional data or connections related to BMI specifically in the Mild_hepatic_impairment group would be needed to calculate the mean BMI accurately."
What is the n type 2 diabetes status in the mild hepatic impairment group 'Mild_hepatic_impairment'?,['0.0 nan (n)'],0,TRUE,"In the study titled ""Pharmacokinetics and tolerability of semaglutide in people with hepatic impairment,"" the status of type 2 diabetes in the mild hepatic impairment group is reported as having no participants with type 2 diabetes. Specifically, the study included 8 participants in the mild hepatic impairment group, and none of these participants had type 2 diabetes.

This information is relevant in the context of assessing the pharmacokinetics and tolerability of semaglutide, a GLP-1 receptor agonist, in individuals with varying degrees of hepatic impairment. The absence of type 2 diabetes in the mild hepatic impairment group helps isolate the effects of hepatic function on the pharmacokinetics of semaglutide without the confounding influence of diabetes-related metabolic changes.

It is important to note that the study aimed to evaluate the pharmacokinetic profile of semaglutide in individuals with hepatic impairment, and the findings suggested that hepatic impairment did not significantly alter semaglutide exposure. This implies that dose adjustments may not be necessary for patients with hepatic impairment, although the study's limitations, such as the small sample size and the exclusion of individuals with severe hepatic encephalopathy, should be considered when interpreting these results.",TRUE,,True,True,1.0,1.0,"In the mild hepatic impairment group 'Mild_hepatic_impairment', the n type 2 diabetes status is related to tirzepatide, which occurred during a trial. Tirzepatide is converted to thrice-daily dosing. This suggests that individuals in this group may be receiving tirzepatide three times a day as part of their diabetes management. Additionally, glycemic control is similar to twiceweekly dosing, which may indicate that individuals in this group are also focusing on managing their blood sugar levels through regular medication administration. Overall, the data suggests that individuals with mild hepatic impairment and n type 2 diabetes are actively involved in managing their condition through medication and monitoring their glycemic control."
What is the mean age in the moderate hepatic impairment group 'Moderate_hepatic_impairment'?,['56.0 Years (Mean)'],56,TRUE,"The mean age of participants in the moderate hepatic impairment group is 56 years, with a range from 35 to 67 years. This information is derived from the baseline characteristics of the trial population, which assessed the pharmacokinetics and tolerability of semaglutide in individuals with varying degrees of hepatic impairment. The study categorized participants into groups based on the severity of their hepatic impairment, using the Child-Pugh criteria, and provided detailed demographic data for each group. 

It is important to note that the study had a limited number of participants in each group, with 10 individuals in the moderate hepatic impairment group. This relatively small sample size may limit the generalizability of the findings. Additionally, the study was designed as a single-dose trial, which may not fully capture the long-term effects of semaglutide in individuals with hepatic impairment. Despite these limitations, the study provides valuable insights into the pharmacokinetics of semaglutide in this specific population.",TRUE,,True,True,1.0,1.0,"The mean age in the moderate hepatic impairment group 'Moderate_hepatic_impairment' cannot be determined from the given graph data. The data provided in the graph primarily consists of relationships between different medications, dosages, study types, and other factors related to healthcare. Age information is not included in the graph data, so it is not possible to calculate the mean age for the moderate hepatic impairment group based on this information. Additional data or context would be needed to determine the mean age in this specific group."
What is the n sex_female in the moderate hepatic impairment group 'Moderate_hepatic_impairment'?,['8.0 nan (n)'],8,TRUE,"In the study examining the pharmacokinetics and tolerability of semaglutide in individuals with hepatic impairment, the moderate hepatic impairment group, labeled as 'Moderate Hepatic Impairment,' consisted of 10 participants. Among these participants, 8 were female. This information is derived from the baseline characteristics table, which details the distribution of sex across different hepatic function groups. 

This study aimed to assess whether hepatic impairment affects the pharmacokinetics of semaglutide, a GLP-1 receptor agonist used in the treatment of type 2 diabetes. The study found that semaglutide exposure was similar across all hepatic function groups, suggesting that dose adjustment may not be necessary for patients with hepatic impairment. However, it is important to note that the study was conducted with a single dose and had a limited number of participants, particularly in the severe impairment group, which may affect the generalizability of the findings.",TRUE,,True,True,1.0,1.0,"The n sex_female in the moderate hepatic impairment group 'Moderate_hepatic_impairment' is not explicitly mentioned in the provided graph data. The graph data mainly consists of relationships between different medications, dosages, study types, and treatment frequencies. There is no direct information about the gender distribution within the moderate hepatic impairment group or any specific reference to n sex_female in relation to this group.

To determine the n sex_female in the moderate hepatic impairment group, additional data or context specific to that group would be needed. This could include demographic information from a clinical trial, research study, or medical records that specifically outline the gender distribution within the moderate hepatic impairment group. Without this specific information, it is not possible to provide a comprehensive answer to the question."
What is the n sex_male in the moderate hepatic impairment group 'Moderate_hepatic_impairment'?,['2.0 nan (n)'],2,TRUE,"In the study titled ""Pharmacokinetics and tolerability of semaglutide in people with hepatic impairment,"" the moderate hepatic impairment group, labeled as 'Moderate Hepatic Impairment,' consisted of 10 participants. Within this group, the distribution of sex was as follows: 2 men and 8 women. 

This information is relevant for understanding the demographic characteristics of the study population, which can influence the pharmacokinetic and safety outcomes of the drug being studied. The study aimed to assess whether hepatic impairment affects the pharmacokinetics of semaglutide, a GLP-1 receptor agonist used in the treatment of type 2 diabetes. The findings indicated that semaglutide exposure was similar across different levels of hepatic function, suggesting that dose adjustments may not be necessary for patients with hepatic impairment. However, it is important to note that the study had limitations, including a small sample size and the exclusion of participants with severe hepatic encephalopathy or advanced ascites, which could affect the generalizability of the results.",TRUE,,True,True,1.0,1.0,"The n sex_male in the moderate hepatic impairment group 'Moderate_hepatic_impairment' is not explicitly mentioned in the provided graph data. The graph data primarily consists of relationships between different medications, dosages, study types, and frequency of administration. 

To determine the n sex_male in the moderate hepatic impairment group, additional information or data specific to this group would be needed. It is possible that the information regarding the n sex_male in this group is not directly linked to the relationships shown in the graph data provided. 

Further analysis or data collection specific to the moderate hepatic impairment group would be necessary to accurately determine the n sex_male in this group."
What is the mean body weight in the moderate hepatic impairment group 'Moderate_hepatic_impairment'?,['75.6 kg (Mean)'],75.6 kg,TRUE,"The mean body weight for the moderate hepatic impairment group in the study on the pharmacokinetics and tolerability of semaglutide is reported as 75.6 kg, with a range from 52.2 to 103.7 kg. This data is part of the baseline characteristics of the trial population, which aimed to assess the pharmacokinetics of semaglutide in individuals with varying degrees of hepatic impairment. 

The study included participants with normal hepatic function and those with mild, moderate, and severe hepatic impairment, classified according to the Child-Pugh criteria. The moderate hepatic impairment group consisted of 10 participants. It's important to note that the study was designed to ensure that participants were matched as closely as possible across groups in terms of age, sex, and body weight to minimize confounding variables.

This information is crucial for understanding how semaglutide, a GLP-1 receptor agonist, is processed in individuals with liver function impairment, which can influence drug dosing and safety considerations. However, the study's limitations, such as the small sample size and the single-dose design, should be considered when interpreting the results.",TRUE,,True,True,1.0,1.0,"To find the mean body weight in the moderate hepatic impairment group 'Moderate_hepatic_impairment', we need to look for relevant data points related to body weight in the given graph. However, the graph provided does not contain any direct information about body weight in the moderate hepatic impairment group.

Without specific data on body weight in the moderate hepatic impairment group, we cannot calculate the mean body weight for this group. It is important to have accurate and relevant data on body weight specifically for the moderate hepatic impairment group in order to calculate the mean effectively."
What is the n type 2 diabetes status in the moderate hepatic impairment group 'Moderate_hepatic_impairment'?,['1.0 nan (n)'],1,TRUE,"In the study examining the pharmacokinetics and tolerability of semaglutide in individuals with hepatic impairment, the status of type 2 diabetes in the moderate hepatic impairment group is as follows:

- In the moderate hepatic impairment group, there was 1 participant with type 2 diabetes.

This information is derived from the baseline characteristics of the trial population, which included participants with varying degrees of hepatic impairment. The study aimed to assess whether hepatic impairment affected the pharmacokinetics of semaglutide, a GLP-1 receptor agonist used in the treatment of type 2 diabetes. The study found that semaglutide exposure was similar across all hepatic function groups, suggesting that dose adjustment may not be necessary for patients with hepatic impairment. However, it is important to note that the study had limitations, including a small sample size and the exclusion of participants with severe hepatic encephalopathy or advanced ascites, which could affect the generalizability of the findings.",TRUE,,True,True,1.0,1.0,"In the moderate hepatic impairment group, the n type 2 diabetes status is related to tirzepatide, which occurred during a trial. Tirzepatide is converted to thrice-daily dosing. This group also has a predisposition to once-weekly dosing, which is similar to glycemic control. Glycemic control is supervised weekly, similar to the frequency of comparing with prior to the 3 largest meals of the day. Insulin lispro, which was involved in a sponsored study, is compared with 4 IU dosing. Additionally, 5mg once weekly is not related to 2.5mg every 4 weeks in this group."
What is the mean bmi in the moderate hepatic impairment group 'Moderate_hepatic_impairment'?,['28.2 kg/m² (Mean)'],28.2,TRUE,"The mean Body Mass Index (BMI) for the moderate hepatic impairment group in the study on the pharmacokinetics and tolerability of semaglutide is reported as 28.2 kg/m¬≤, with a range from 18.7 to 38.9 kg/m¬≤. 

BMI is a measure of body fat based on height and weight that applies to adult men and women. It is calculated by dividing a person's weight in kilograms by the square of their height in meters. A BMI of 18.5 to 24.9 is considered normal, 25 to 29.9 is overweight, and 30 or above is classified as obese. In this study, the mean BMI of 28.2 kg/m¬≤ for the moderate hepatic impairment group suggests that, on average, participants were in the overweight category.

It is important to note that the study's sample size for the moderate hepatic impairment group was relatively small, with only 10 participants. This limitation should be considered when interpreting the results, as small sample sizes can affect the generalizability of the findings.",TRUE,,True,True,1.0,1.0,"To find the mean BMI in the moderate hepatic impairment group ""Moderate_hepatic_impairment"" based on the graph data provided, we need to look for direct connections or relationships that involve BMI values in this group. However, the graph data provided does not contain any direct information about BMI values in the ""Moderate_hepatic_impairment"" group. 

Therefore, without specific data on BMI values in the ""Moderate_hepatic_impairment"" group, we cannot calculate the mean BMI for this group based on the given graph data. Additional information or data related to BMI values in the ""Moderate_hepatic_impairment"" group would be necessary to determine the mean BMI accurately."
What is the mean age in the severe hepatic impairment group 'Severe_hepatic_impairment'?,['55.0 Years (Mean)'],The mean age in the severe hepatic impairment group is 55 years.,TRUE,"The mean age of participants in the severe hepatic impairment group in the study on the pharmacokinetics and tolerability of semaglutide is 55 years, with a range from 45 to 61 years. This information is derived from the baseline characteristics of the trial population, which included participants with varying degrees of hepatic impairment. The study aimed to assess the pharmacokinetics and safety of semaglutide, a GLP-1 receptor agonist, in individuals with hepatic impairment, using the Child-Pugh criteria to classify the severity of liver dysfunction.

It is important to note that the study had a relatively small sample size, with only 7 participants in the severe hepatic impairment group. This limitation could affect the generalizability of the findings. Additionally, the study was conducted with a single dose of semaglutide, which may not fully represent the pharmacokinetic profile under chronic dosing conditions. Despite these limitations, the study provides valuable insights into the use of semaglutide in patients with hepatic impairment, suggesting that no dose adjustment may be necessary based on the observed pharmacokinetic properties.",TRUE,,True,True,1.0,1.0,"The mean age in the severe hepatic impairment group 'Severe_hepatic_impairment' cannot be determined from the given graph data. The data provided in the graph mainly consists of relationships between different medications, dosages, frequencies, and study parameters. Age information is not included in the graph data, so it is not possible to calculate the mean age for the severe hepatic impairment group based on this information."
What is the n sex_female in the severe hepatic impairment group 'Severe_hepatic_impairment'?,['2.0 nan (n)'],2,TRUE,"In the study titled ""Pharmacokinetics and tolerability of semaglutide in people with hepatic impairment,"" the severe hepatic impairment group, labeled as 'Severe Hepatic Impairment,' consisted of 7 participants. Within this group, the number of female participants (n sex_female) was 2. This information is derived from the baseline characteristics table, which details the distribution of sex across different hepatic impairment groups. 

The study aimed to assess the pharmacokinetics and tolerability of semaglutide, a GLP-1 receptor agonist, in individuals with varying degrees of hepatic impairment. The findings indicated that semaglutide exposure was not significantly affected by hepatic impairment, suggesting that dose adjustments may not be necessary for patients with hepatic impairment. However, it is important to note that the study had limitations, including a small sample size, particularly in the severe impairment group, and the exclusion of participants with severe hepatic encephalopathy or advanced ascites. These factors should be considered when interpreting the results and their applicability to broader patient populations.",TRUE,,True,True,1.0,1.0,"The n sex_female in the severe hepatic impairment group 'Severe_hepatic_impairment' is not explicitly mentioned in the provided graph data. The graph data primarily consists of relationships between different medications, dosages, study types, and frequency of administration. There is no direct connection to the gender or sex of individuals in the severe hepatic impairment group.

To determine the n sex_female in the severe hepatic impairment group, additional information or data specific to that group would be needed. This could involve conducting a separate study or analysis focused on the gender distribution within the severe hepatic impairment group and how it relates to the medications and dosages mentioned in the graph data."
What is the n sex_male in the severe hepatic impairment group 'Severe_hepatic_impairment'?,['5.0 nan (n)'],The n sex_male in the severe hepatic impairment group 'Severe_hepatic_impairment' is 5.,TRUE,"In the study titled ""Pharmacokinetics and tolerability of semaglutide in people with hepatic impairment,"" the severe hepatic impairment group, labeled as 'Severe Hepatic Impairment,' consisted of 7 participants. Within this group, the number of male participants (n sex_male) was 5. This information is derived from the baseline characteristics table, which details the distribution of sex across different hepatic function groups. 

The study aimed to assess the pharmacokinetics and tolerability of semaglutide, a GLP-1 receptor agonist, in individuals with varying degrees of hepatic impairment. The severe hepatic impairment group was characterized by a Child-Pugh score of 10-15, indicating significant liver dysfunction. Despite the small sample size, the study found that semaglutide exposure was not significantly affected by hepatic impairment, suggesting that dose adjustments may not be necessary for patients with liver dysfunction. However, it is important to note the limitations of the study, including the small number of participants in the severe impairment group and the exclusion of individuals with severe hepatic encephalopathy or advanced ascites. These factors may limit the generalizability of the findings.",TRUE,,True,True,1.0,1.0,"The n sex_male in the severe hepatic impairment group 'Severe_hepatic_impairment' is not explicitly mentioned in the provided graph data. The graph data primarily consists of relationships between different medications, dosages, study types, and frequency of administration. It does not contain information about the gender distribution within the severe hepatic impairment group.

To determine the n sex_male in the severe hepatic impairment group, additional data or context would be needed. This could include specific study demographics, patient characteristics, or research findings related to the gender distribution within the severe hepatic impairment group. Without this information, it is not possible to provide a comprehensive answer to the question."
What is the mean body weight in the severe hepatic impairment group 'Severe_hepatic_impairment'?,['82.8 kg (Mean)'],82.8,TRUE,"The mean body weight for the severe hepatic impairment group in the study on semaglutide pharmacokinetics and tolerability is reported as 82.8 kg, with a range from 61.1 kg to 114.0 kg. This data is part of the baseline characteristics of the trial population, which included participants with varying degrees of hepatic impairment, classified according to the Child‚ÄìPugh criteria.

In clinical research, understanding the baseline characteristics such as body weight is crucial as it can influence the pharmacokinetics of a drug. In this study, semaglutide, a GLP-1 receptor agonist, was administered to assess its pharmacokinetics and tolerability in individuals with different levels of hepatic function. The study found that semaglutide exposure was not significantly affected by hepatic impairment, suggesting that dose adjustments may not be necessary for patients with hepatic impairment.

It is important to note that the study had a limited number of participants in the severe hepatic impairment group (n=7), which could affect the generalizability of the findings. Additionally, the study was conducted with a single dose of semaglutide, which may not fully represent the pharmacokinetic profile during long-term treatment. These limitations should be considered when interpreting the results.",TRUE,,True,True,1.0,1.0,"To find the mean body weight in the severe hepatic impairment group 'Severe_hepatic_impairment', we need to look for direct relationships or connections to body weight in the graph data provided. Unfortunately, there is no direct link to body weight in the given data. The relationships mentioned in the graph data are related to medication dosages, study types, insulin levels, meal timings, and glycemic control.

Without specific data on body weight in the severe hepatic impairment group, we cannot calculate the mean body weight for that group based on the information provided in the graph. Additional information or data related to body weight in the severe hepatic impairment group would be needed to calculate the mean body weight accurately."
What is the n type 2 diabetes status in the severe hepatic impairment group 'Severe_hepatic_impairment'?,['1.0 nan (n)'],1,TRUE,"In the study examining the pharmacokinetics and tolerability of semaglutide in individuals with varying degrees of hepatic impairment, the status of type 2 diabetes in the severe hepatic impairment group is as follows:

- In the severe hepatic impairment group, there was 1 participant with type 2 diabetes out of a total of 7 participants.

This information is derived from the baseline characteristics table provided in the study results. The study aimed to assess whether hepatic impairment affects the pharmacokinetics of semaglutide, a GLP-1 receptor agonist used in the treatment of type 2 diabetes. The study found that semaglutide exposure was similar across all hepatic function groups, suggesting that dose adjustment may not be necessary for patients with hepatic impairment. However, it is important to note that the study had limitations, including a small sample size and the exclusion of individuals with severe hepatic encephalopathy or advanced ascites, which could affect the generalizability of the findings.",TRUE,,True,True,1.0,1.0,"In the severe hepatic impairment group 'Severe_hepatic_impairment', the n type 2 diabetes status is likely to be managed with a combination of medications and insulin therapy. The graph data suggests that insulin lispro is involved in the treatment, with a dosage of 4 IU being compared with the patient's previous regimen of insulin. It is administered prior to the 3 largest meals of the day, indicating a focus on managing postprandial glucose levels.

Additionally, the data shows that glycemic control is supervised weekly, with a similarity to a twiceweekly regimen. This may suggest that the patient's blood sugar levels are closely monitored and adjustments to their treatment plan are made as needed. Furthermore, the occurrence of once-weekly tirzepatide during a trial period may indicate that the patient is also being evaluated for the efficacy of this medication in managing their diabetes.

Overall, the treatment approach for n type 2 diabetes in the severe hepatic impairment group 'Severe_hepatic_impairment' appears to be comprehensive, with a focus on insulin therapy, close monitoring of glycemic control, and potential inclusion of newer medications like tirzepatide to optimize management of the condition."
What is the mean bmi in the severe hepatic impairment group 'Severe_hepatic_impairment'?,['27.0 kg/m² (Mean)'],27,TRUE,"The mean Body Mass Index (BMI) for the severe hepatic impairment group in the study is reported as 27.0 kg/m¬≤, with a range from 19.7 to 34.2 kg/m¬≤. This data is part of the baseline characteristics of the trial population, which included participants with varying degrees of hepatic impairment, classified according to the Child‚ÄìPugh criteria.

In clinical research, BMI is a commonly used measure to assess body weight relative to height and is expressed in kilograms per square meter (kg/m¬≤). It is an important parameter in studies involving pharmacokinetics and drug tolerability, as body composition can influence drug distribution and metabolism.

It is important to note that the study had a relatively small sample size, with only 7 participants in the severe hepatic impairment group. This limitation should be considered when interpreting the results, as small sample sizes can affect the generalizability and statistical power of the findings.",TRUE,,True,True,1.0,1.0,"To find the mean bmi in the severe hepatic impairment group 'Severe_hepatic_impairment', we need to look for relevant data related to BMI within the given graph. However, the graph data provided does not contain any information specifically related to BMI or the severe hepatic impairment group.

Without specific data on BMI or the severe hepatic impairment group in the graph, it is not possible to calculate the mean BMI for the 'Severe_hepatic_impairment' group. Additional information or data related to BMI in the context of severe hepatic impairment would be necessary to accurately determine the mean BMI for this group."
,,,24,,24,,,,,,"Based on the graph data provided, it appears that the relationship between ""nan"" and the other elements in the graph is not explicitly defined. It seems that ""nan"" is not directly connected to any other nodes in the graph through relationships such as ""INVOLVED_IN"", ""COMPARED_WITH"", ""SIMILARITY"", ""SUPERVISOR"", ""PREDISPOSES_TO"", ""OCCURRED_DURING_TRIAL"", or ""CONVERSION_EQUATION"".

Without more context or information on the specific relationship of ""nan"" to the other elements in the graph, it is not possible to provide a comprehensive answer to the question related to ""nan"". It is possible that ""nan"" may represent a missing or unknown data point in the graph, or it could be a placeholder for a concept that is not explicitly defined within the given relationships. Additional information or clarification would be needed to further analyze the relationship of ""nan"" within the context of the graph data."
,,,,,,,,,,,"Based on the provided graph data, it seems to describe a study or trial involving insulin lispro and its comparison with a certain dosage (4 IU) administered prior to the three largest meals of the day. The study also involves evaluating glycemic control and its similarity to a dosing frequency of twice weekly. Additionally, the data mentions the predisposition to once-weekly dosing and the occurrence of the trial involving tirzepatide, which is converted to a thrice-daily dosing schedule.

Overall, the graph data suggests a complex relationship between different dosing regimens, insulin types, and their effects on glycemic control. The involvement of various terms such as sponsored study, similarity, supervisor, and conversion equation indicates a detailed analysis or comparison being conducted in a clinical or research setting."
Paper Link,https://delineate.pro/projects/666187d299bec567efbaebd3/files/66618ab999bec567efbaec12?sl=3,,,,,,,,,,"The paper link in this graph data seems to be discussing a study or trial involving the use of different dosages and frequencies of insulin lispro, a type of insulin. The study compares the effectiveness of different dosages and frequencies of insulin lispro, such as 4 IU taken prior to the 3 largest meals of the day, with other regimens like 5mg once weekly and 2.5mg every 4 weeks. The study also involves the use of tirzepatide, which is administered thrice daily and is related to once-weekly dosing. The study aims to evaluate glycemic control and how different dosages and frequencies of insulin lispro may predispose individuals to better or worse outcomes in terms of glycemic control. Additionally, the study may be sponsored by a particular organization or entity, as indicated by the ""Sponsored Study"" relationship in the graph data. Overall, the paper link appears to focus on the comparison and evaluation of different insulin dosages and frequencies in relation to glycemic control and potential predisposition to certain outcomes."
